<assembly xmlns="http://maven.apache.org/plugins/maven-assembly-plugin/assembly/1.1.0" 
  xmlns:xsi="http://www.w3.org/2001/XMLSchema-instance"
  xsi:schemaLocation="http://maven.apache.org/plugins/maven-assembly-plugin/assembly/1.1.0 http://maven.apache.org/xsd/assembly-1.1.0.xsd">
  <id>distribution</id>
  <formats>
    <format>zip</format>
  </formats>
  <files>
    <file>
      <source>resanet-ear/target/resanet-ear.ear</source>
      <outputDirectory>/</outputDirectory>
    </file>
   <file>
      <source>README.txt</source>
      <outputDirectory>/</outputDirectory>
    </file>
    <file>
      <source>LICENSE.txt</source>
      <outputDirectory>/</outputDirectory>
    </file>
    <file>
      <source>NOTICE.txt</source>
      <outputDirectory>/</outputDirectory>
    </file>
  </files>
</assembly>